phase,mode,n,quality_index_mean,quality_index_sd,quality_index_ci95_low,quality_index_ci95_high,semantic_fidelity_mean,semantic_fidelity_sd,semantic_fidelity_ci95_low,semantic_fidelity_ci95_high,state_preservation_mean,state_preservation_sd,state_preservation_ci95_low,state_preservation_ci95_high,operational_continuity_mean,operational_continuity_sd,operational_continuity_ci95_low,operational_continuity_ci95_high,compactness_mean,compactness_sd,compactness_ci95_low,compactness_ci95_high,ambiguity_mean,ambiguity_sd,ambiguity_ci95_low,ambiguity_ci95_high,information_loss_mean,information_loss_sd,information_loss_ci95_low,information_loss_ci95_high
exp05_gpt_instant_part_1,compressed,22,4.7562,0.686,4.4695,5.0429,4.5909,1.1816,4.0972,5.0847,4.5455,1.1843,4.0506,5.0403,4.6818,0.8937,4.3084,5.0553,4.9091,0.2942,4.7861,5.032,1.0,0.0,1.0,1.0,1.3636,1.177,0.8718,1.8555
exp05_gpt_instant_part_1,hybrid_min,22,4.6312,0.9384,4.2391,5.0233,4.6364,1.0486,4.1982,5.0745,4.6364,1.0486,4.1982,5.0745,4.5455,1.0568,4.1038,4.9871,4.9091,0.4264,4.7309,5.0873,1.4091,1.0538,0.9688,1.8494,1.3636,1.0486,0.9255,1.8018
exp05_gpt_instant_part_1,hybrid_state,22,4.9979,0.0097,4.9939,5.002,5.0,0.0,5.0,5.0,5.0,0.0,5.0,5.0,5.0,0.0,5.0,5.0,4.9545,0.2132,4.8655,5.0436,1.0,0.0,1.0,1.0,1.0,0.0,1.0,1.0
exp05_gpt_instant_part_1,natural,24,4.6591,0.8053,4.3369,4.9813,4.5,1.3513,3.9594,5.0406,4.4583,1.3507,3.918,4.9987,4.5417,1.2504,4.0414,5.0419,4.4583,0.509,4.2547,4.662,1.0,0.0,1.0,1.0,1.5,1.3513,0.9594,2.0406
exp05_gpt_instant_part_2,compressed,24,4.9792,0.0628,4.954,5.0043,4.875,0.3378,4.7398,5.0102,4.9583,0.2041,4.8767,5.04,4.9167,0.4082,4.7533,5.08,4.9583,0.2041,4.8767,5.04,1.0,0.0,1.0,1.0,1.0,0.0,1.0,1.0
exp05_gpt_instant_part_2,hybrid_min,22,4.9979,0.0097,4.9939,5.002,5.0,0.0,5.0,5.0,5.0,0.0,5.0,5.0,5.0,0.0,5.0,5.0,5.0,0.0,5.0,5.0,1.0,0.0,1.0,1.0,1.0,0.0,1.0,1.0
exp05_gpt_instant_part_2,hybrid_state,22,4.9938,0.016,4.9871,5.0005,5.0,0.0,5.0,5.0,5.0,0.0,5.0,5.0,5.0,0.0,5.0,5.0,4.8636,0.3513,4.7169,5.0104,1.0,0.0,1.0,1.0,1.0,0.0,1.0,1.0
exp05_gpt_instant_part_2,natural,22,4.8771,0.2465,4.774,4.9801,4.7727,0.6853,4.4863,5.0591,4.7273,0.7025,4.4337,5.0208,4.7727,0.8691,4.4095,5.1359,4.5909,0.5032,4.3806,4.8012,1.1364,0.3513,0.9896,1.2831,1.0,0.0,1.0,1.0
exp05_gpt_instant_part_3,compressed,22,4.156,0.887,3.7854,4.5266,4.3636,1.0486,3.9255,4.8018,3.8636,1.3903,3.2827,4.4446,4.2273,1.1519,3.7459,4.7086,4.7727,0.4289,4.5935,4.952,1.6364,1.0486,1.1982,2.0745,2.4091,1.098,1.9503,2.8679
exp05_gpt_instant_part_3,hybrid_min,24,3.9811,0.6701,3.713,4.2492,4.6667,0.702,4.3858,4.9475,4.1667,0.9168,3.7999,4.5335,4.25,0.8969,3.8912,4.6088,5.0,0.0,5.0,5.0,2.375,0.8754,2.0248,2.7252,2.2083,0.833,1.8751,2.5416
exp05_gpt_instant_part_3,hybrid_state,22,4.0899,0.6962,3.7989,4.3808,4.4091,0.9081,4.0296,4.7886,3.8636,1.5521,3.215,4.5122,4.2727,1.2025,3.7703,4.7752,4.8636,0.3513,4.7169,5.0104,1.7727,0.6853,1.4863,2.0591,2.5455,1.3355,1.9874,3.1035
exp05_gpt_instant_part_3,natural,22,4.2314,0.9453,3.8364,4.6264,4.2273,1.1519,3.7459,4.7086,3.6818,1.6442,2.9947,4.3689,3.7273,1.6671,3.0306,4.4239,4.0455,0.7854,3.7172,4.3737,1.1818,0.3948,1.0169,1.3468,2.0909,1.5708,1.4345,2.7473
exp05_gpt_instant_part_4,compressed,22,4.9194,0.2632,4.8095,5.0294,4.9091,0.2942,4.7861,5.032,4.9091,0.2942,4.7861,5.032,4.9091,0.2942,4.7861,5.032,4.9545,0.2132,4.8655,5.0436,1.0909,0.2942,0.968,1.2139,1.0909,0.2942,0.968,1.2139
exp05_gpt_instant_part_4,hybrid_min,22,4.4948,1.2991,3.952,5.0377,4.4545,1.405,3.8674,5.0417,4.5,1.3002,3.9567,5.0433,4.4545,1.405,3.8674,5.0417,4.7273,0.8827,4.3584,5.0961,1.5,1.3002,0.9567,2.0433,1.5455,1.405,0.9583,2.1326
exp05_gpt_instant_part_4,hybrid_state,24,4.6856,0.6637,4.4201,4.9512,4.625,0.7109,4.3406,4.9094,4.75,0.6757,4.4797,5.0203,4.7083,0.7506,4.408,5.0086,4.8333,0.3807,4.681,4.9856,1.2917,0.6903,1.0155,1.5678,1.375,0.7697,1.0671,1.6829
exp05_gpt_instant_part_4,natural,22,4.5176,1.1833,4.0231,5.012,4.4091,1.4027,3.8229,4.9952,4.4545,1.405,3.8674,5.0417,4.4545,1.405,3.8674,5.0417,4.4091,0.9591,4.0083,4.8099,1.3636,1.177,0.8718,1.8555,1.5909,1.4027,1.0048,2.1771
full_part_1,compressed,110,4.0721,1.4296,3.805,4.3393,3.9273,1.5838,3.6313,4.2233,3.9182,1.6092,3.6175,4.2189,4.0364,1.608,3.7359,4.3369,4.5909,1.0605,4.3927,4.7891,1.7909,1.4148,1.5265,2.0553,2.1455,1.6581,1.8356,2.4553
full_part_1,hybrid_min,110,3.6727,1.609,3.372,3.9734,3.5636,1.7585,3.235,3.8923,3.5545,1.7847,3.221,3.8881,3.6091,1.777,3.277,3.9412,4.5182,1.276,4.2797,4.7566,2.2909,1.6554,1.9816,2.6003,2.4909,1.8059,2.1534,2.8284
full_part_1,hybrid_state,110,4.0998,1.468,3.8254,4.3741,3.9545,1.6556,3.6451,4.2639,4.0909,1.5944,3.7929,4.3889,4.0818,1.5978,3.7832,4.3804,4.6455,1.0279,4.4534,4.8376,1.8818,1.5429,1.5935,2.1701,2.0182,1.6534,1.7092,2.3272
full_part_1,natural,120,4.1799,1.4221,3.9255,4.4344,4.05,1.5657,3.7699,4.3301,4.0,1.6551,3.7039,4.2961,4.0167,1.6601,3.7196,4.3137,4.15,1.2137,3.9328,4.3672,1.6333,1.3153,1.398,1.8687,1.9333,1.669,1.6347,2.2319
full_part_2,compressed,120,4.7703,0.4884,4.6829,4.8577,4.7417,0.5724,4.6392,4.8441,4.65,0.7848,4.5096,4.7904,4.7583,0.6217,4.6471,4.8696,4.9833,0.1286,4.9603,5.0063,1.1583,0.3666,1.0927,1.2239,1.35,0.7848,1.2096,1.4904
full_part_2,hybrid_min,110,4.4136,0.8357,4.2575,4.5698,4.3455,1.0873,4.1423,4.5487,4.3909,1.1096,4.1836,4.5983,4.3727,1.0392,4.1785,4.5669,4.9818,0.1342,4.9567,5.0069,1.5091,0.7388,1.371,1.6472,1.7273,1.2033,1.5024,1.9521
full_part_2,hybrid_state,110,4.6382,0.7239,4.5029,4.7735,4.5545,0.884,4.3894,4.7197,4.7455,0.6832,4.6178,4.8731,4.6636,0.8045,4.5133,4.814,4.9091,0.396,4.8351,4.9831,1.2636,0.6864,1.1354,1.3919,1.5273,1.0379,1.3333,1.7212
full_part_2,natural,110,4.493,0.9397,4.3174,4.6686,4.4182,1.1201,4.2089,4.6275,4.2818,1.3689,4.026,4.5376,4.3273,1.2787,4.0883,4.5662,4.6455,0.5995,4.5334,4.7575,1.2,0.424,1.1208,1.2792,1.7091,1.3704,1.453,1.9652
full_part_3,compressed,110,3.8837,0.8001,3.7342,4.0332,4.2909,0.9321,4.1167,4.4651,3.8273,1.048,3.6314,4.0231,3.9727,0.9133,3.8021,4.1434,4.8727,0.3612,4.8052,4.9402,2.1818,0.9205,2.0098,2.3538,2.5909,1.1029,2.3848,2.797
full_part_3,hybrid_min,120,3.1788,0.8584,3.0252,3.3324,3.7167,1.0705,3.5251,3.9082,3.4333,1.1356,3.2301,3.6365,3.1583,1.1376,2.9548,3.3619,4.975,0.2034,4.9386,5.0114,3.05,1.0278,2.8661,3.2339,3.2167,1.0547,3.028,3.4054
full_part_3,hybrid_state,110,3.705,0.8507,3.546,3.8639,4.1364,1.0792,3.9347,4.338,4.1091,1.0609,3.9108,4.3074,4.1364,1.018,3.9461,4.3266,4.8,0.4846,4.7094,4.8906,2.5636,0.9338,2.3891,2.7382,2.6545,1.1287,2.4436,2.8655
full_part_3,natural,110,3.95,0.9458,3.7732,4.1268,4.3273,0.9395,4.1517,4.5029,3.7,1.331,3.4513,3.9487,3.7909,1.2786,3.552,4.0298,4.7636,0.4478,4.68,4.8473,1.9727,1.0619,1.7743,2.1712,2.4636,1.2611,2.228,2.6993
full_part_4,compressed,110,4.437,0.8427,4.2795,4.5945,4.4091,0.9316,4.235,4.5832,4.5,0.8647,4.3384,4.6616,4.5,0.8857,4.3345,4.6655,4.8727,0.4088,4.7963,4.9491,1.5,0.8323,1.3445,1.6555,1.7636,1.031,1.571,1.9563
full_part_4,hybrid_min,110,3.8624,1.1892,3.6402,4.0846,3.8,1.2978,3.5575,4.0425,4.0182,1.2265,3.789,4.2474,3.8818,1.346,3.6303,4.1333,4.9091,0.2888,4.8551,4.9631,2.1636,1.2306,1.9337,2.3936,2.3636,1.3928,2.1033,2.6239
full_part_4,hybrid_state,120,4.2689,1.1088,4.0705,4.4673,4.1167,1.278,3.888,4.3453,4.5167,0.9786,4.3416,4.6918,4.3917,1.1398,4.1877,4.5956,4.8667,0.3651,4.8013,4.932,1.7667,1.2004,1.5519,1.9814,1.9,1.3183,1.6641,2.1359
full_part_4,natural,110,4.0202,1.4838,3.7429,4.2975,3.9545,1.5992,3.6557,4.2534,3.9818,1.5796,3.6866,4.277,3.9636,1.6023,3.6642,4.2631,4.1,1.3542,3.8469,4.3531,1.9818,1.5264,1.6966,2.2671,2.0364,1.5908,1.7391,2.3337
miniexp_a2_azure_grok_4_3_part_1,compressed,36,3.8074,0.7726,3.5551,4.0598,3.9722,1.2532,3.5628,4.3816,3.5556,1.3405,3.1177,3.9934,3.75,0.8409,3.4753,4.0247,5.0,0.0,5.0,5.0,1.9444,0.86,1.6635,2.2254,2.8611,1.3126,2.4323,3.2899
miniexp_a2_azure_grok_4_3_part_1,hybrid_min,36,2.9501,1.1852,2.563,3.3373,3.5833,1.3601,3.139,4.0276,3.1944,1.5459,2.6895,3.6994,2.7778,1.3546,2.3353,3.2203,4.9722,0.1667,4.9178,5.0267,3.3889,1.2712,2.9736,3.8041,3.4167,1.4015,2.9588,3.8745
miniexp_a2_azure_grok_4_3_part_1,hybrid_state,36,3.5524,0.7666,3.302,3.8028,4.1944,1.0642,3.8468,4.5421,4.0556,0.984,3.7341,4.377,3.9722,0.6964,3.7447,4.1997,5.0,0.0,5.0,5.0,2.8333,0.7746,2.5803,3.0864,2.8056,1.0907,2.4493,3.1619
miniexp_a2_azure_grok_4_3_part_1,natural,36,3.9085,0.9225,3.6071,4.2098,4.1389,1.1748,3.7551,4.5227,3.5,1.5399,2.997,4.003,3.5278,1.298,3.1037,3.9518,5.0,0.0,5.0,5.0,1.5,0.7368,1.2593,1.7407,2.8611,1.6415,2.3249,3.3973
miniexp_a_grok_part_1,compressed,72,4.7184,0.7246,4.5511,4.8858,4.6667,0.8881,4.4615,4.8718,4.6667,0.9193,4.4543,4.879,4.6667,0.9193,4.4543,4.879,4.9028,0.2983,4.8339,4.9717,1.2083,0.6487,1.0585,1.3582,1.3472,0.9518,1.1274,1.5671
miniexp_a_grok_part_1,hybrid_min,72,4.4473,1.077,4.1985,4.6961,4.375,1.2269,4.0916,4.6584,4.4028,1.2179,4.1214,4.6841,4.3889,1.2397,4.1025,4.6752,4.9167,0.2783,4.8524,4.981,1.5139,1.1132,1.2568,1.771,1.6667,1.3108,1.3639,1.9695
miniexp_a_grok_part_1,hybrid_state,72,4.7465,0.6922,4.5866,4.9064,4.6806,0.8529,4.4835,4.8776,4.8472,0.4645,4.7399,4.9545,4.7778,0.6965,4.6169,4.9387,4.8889,0.3165,4.8158,4.962,1.2222,0.6965,1.0613,1.3831,1.3194,0.9166,1.1077,1.5312
miniexp_a_grok_part_1,natural,72,4.6209,0.792,4.438,4.8038,4.4861,1.1985,4.2093,4.763,4.4861,1.1627,4.2175,4.7547,4.5,1.1628,4.2314,4.7686,4.8333,0.4441,4.7308,4.9359,1.1389,0.5388,1.0144,1.2633,1.5694,1.2314,1.285,1.8539
miniexp_c_token_budget_v1,compressed,174,3.9859,1.455,3.7697,4.2021,3.8678,1.5655,3.6352,4.1004,3.8736,1.615,3.6336,4.1135,3.908,1.6422,3.664,4.1521,4.6264,0.9396,4.4868,4.766,1.9425,1.5042,1.719,2.166,2.2299,1.6636,1.9827,2.4771
miniexp_c_token_budget_v1,hybrid_min,190,3.903,1.542,3.6837,4.1223,3.8526,1.6295,3.6209,4.0843,3.8316,1.6913,3.5911,4.0721,3.8105,1.717,3.5664,4.0547,4.6789,0.865,4.5559,4.8019,2.0947,1.6335,1.8625,2.327,2.2579,1.7188,2.0135,2.5023
miniexp_c_token_budget_v1,hybrid_state,177,4.0187,1.52,3.7948,4.2427,3.904,1.6365,3.6629,4.1451,4.0508,1.5821,3.8178,4.2839,3.9548,1.6747,3.7081,4.2015,4.565,0.9217,4.4292,4.7008,1.9492,1.5641,1.7187,2.1796,2.1186,1.7065,1.8672,2.37
miniexp_c_token_budget_v1,natural,188,4.3942,1.2345,4.2178,4.5707,4.3245,1.3975,4.1247,4.5242,4.2394,1.4919,4.0261,4.4526,4.266,1.4784,4.0546,4.4773,4.6011,0.8869,4.4743,4.7278,1.4468,1.1847,1.2775,1.6162,1.7606,1.4955,1.5469,1.9744
miniexp_d_zh_compact_v1,compressed,80,4.8915,0.5544,4.77,5.013,4.8625,0.6511,4.7198,5.0052,4.875,0.6439,4.7339,5.0161,4.8875,0.6363,4.7481,5.0269,5.0,0.0,5.0,5.0,1.1,0.6284,0.9623,1.2377,1.15,0.658,1.0058,1.2942
miniexp_d_zh_compact_v1,hybrid_min,80,4.5781,1.0409,4.35,4.8062,4.55,1.1573,4.2964,4.8036,4.575,1.1559,4.3217,4.8283,4.55,1.2211,4.2824,4.8176,4.85,0.5759,4.7238,4.9762,1.425,1.1449,1.1741,1.6759,1.4625,1.1131,1.2186,1.7064
miniexp_d_zh_compact_v1,hybrid_state,80,4.8636,0.6052,4.731,4.9963,4.8375,0.6645,4.6919,4.9831,4.9125,0.508,4.8012,5.0238,4.875,0.6439,4.7339,5.0161,4.9375,0.3316,4.8648,5.0102,1.1375,0.6511,0.9948,1.2802,1.1625,0.7194,1.0049,1.3201
miniexp_d_zh_compact_v1,natural,80,4.7185,0.8737,4.527,4.9099,4.6625,1.0181,4.4394,4.8856,4.6625,1.0181,4.4394,4.8856,4.6625,1.0181,4.4394,4.8856,4.8375,0.5142,4.7248,4.9502,1.225,0.8855,1.0309,1.4191,1.3625,1.0702,1.128,1.597
