exp,path,metric,pairs,mean_delta,ci_low,ci_high,note
EXP05,05_Experimentos\EXP05_PREMIUM_MULTIMODEL_TRILINGUAL\clean\clean_evaluations.csv,metric_semantic_fidelity,83,0.325301,0.144578,0.530120,hybrid_state_minus_compressed
EXP05,05_Experimentos\EXP05_PREMIUM_MULTIMODEL_TRILINGUAL\clean\clean_evaluations.csv,metric_clarity,83,-0.337349,-0.530120,-0.168675,hybrid_state_minus_compressed
EXP05,05_Experimentos\EXP05_PREMIUM_MULTIMODEL_TRILINGUAL\clean\clean_evaluations.csv,metric_utility,83,0.301205,0.108434,0.506024,hybrid_state_minus_compressed
EXP05,05_Experimentos\EXP05_PREMIUM_MULTIMODEL_TRILINGUAL\clean\clean_evaluations.csv,metric_completeness,83,0.337349,0.120482,0.578313,hybrid_state_minus_compressed
EXP05,05_Experimentos\EXP05_PREMIUM_MULTIMODEL_TRILINGUAL\clean\clean_evaluations.csv,metric_state_preservation,83,0.289157,0.084337,0.518072,hybrid_state_minus_compressed
EXP05,05_Experimentos\EXP05_PREMIUM_MULTIMODEL_TRILINGUAL\clean\clean_evaluations.csv,metric_operational_continuity,83,0.253012,0.060241,0.445783,hybrid_state_minus_compressed
EXP05,05_Experimentos\EXP05_PREMIUM_MULTIMODEL_TRILINGUAL\clean\clean_evaluations.csv,metric_context_recoverability,83,0.349398,0.144578,0.578313,hybrid_state_minus_compressed
EXP05,05_Experimentos\EXP05_PREMIUM_MULTIMODEL_TRILINGUAL\clean\clean_evaluations.csv,metric_handoff_quality,83,0.253012,0.084337,0.445783,hybrid_state_minus_compressed
EXP05,05_Experimentos\EXP05_PREMIUM_MULTIMODEL_TRILINGUAL\clean\clean_evaluations.csv,metric_compactness,83,-0.012048,-0.108434,0.096386,hybrid_state_minus_compressed
EXP05,05_Experimentos\EXP05_PREMIUM_MULTIMODEL_TRILINGUAL\clean\clean_evaluations.csv,metric_ambiguity,83,0.072289,-0.144578,0.289157,hybrid_state_minus_compressed
EXP05,05_Experimentos\EXP05_PREMIUM_MULTIMODEL_TRILINGUAL\clean\clean_evaluations.csv,metric_information_loss,83,-0.265060,-0.493976,-0.048193,hybrid_state_minus_compressed
EXP05,05_Experimentos\EXP05_PREMIUM_MULTIMODEL_TRILINGUAL\clean\clean_evaluations.jsonl,semantic_fidelity,83,0.325301,0.144578,0.530120,hybrid_state_minus_compressed
EXP05,05_Experimentos\EXP05_PREMIUM_MULTIMODEL_TRILINGUAL\clean\clean_evaluations.jsonl,clarity,83,-0.337349,-0.518072,-0.156627,hybrid_state_minus_compressed
EXP05,05_Experimentos\EXP05_PREMIUM_MULTIMODEL_TRILINGUAL\clean\clean_evaluations.jsonl,utility,83,0.301205,0.120482,0.493976,hybrid_state_minus_compressed
EXP05,05_Experimentos\EXP05_PREMIUM_MULTIMODEL_TRILINGUAL\clean\clean_evaluations.jsonl,completeness,83,0.337349,0.120482,0.566265,hybrid_state_minus_compressed
EXP05,05_Experimentos\EXP05_PREMIUM_MULTIMODEL_TRILINGUAL\clean\clean_evaluations.jsonl,state_preservation,83,0.289157,0.084337,0.518072,hybrid_state_minus_compressed
EXP05,05_Experimentos\EXP05_PREMIUM_MULTIMODEL_TRILINGUAL\clean\clean_evaluations.jsonl,operational_continuity,83,0.253012,0.072289,0.445783,hybrid_state_minus_compressed
EXP05,05_Experimentos\EXP05_PREMIUM_MULTIMODEL_TRILINGUAL\clean\clean_evaluations.jsonl,context_recoverability,83,0.349398,0.132530,0.578313,hybrid_state_minus_compressed
EXP05,05_Experimentos\EXP05_PREMIUM_MULTIMODEL_TRILINGUAL\clean\clean_evaluations.jsonl,handoff_quality,83,0.253012,0.060241,0.445783,hybrid_state_minus_compressed
EXP05,05_Experimentos\EXP05_PREMIUM_MULTIMODEL_TRILINGUAL\clean\clean_evaluations.jsonl,compactness,83,-0.012048,-0.108434,0.108434,hybrid_state_minus_compressed
EXP05,05_Experimentos\EXP05_PREMIUM_MULTIMODEL_TRILINGUAL\clean\clean_evaluations.jsonl,ambiguity,83,0.072289,-0.144578,0.277108,hybrid_state_minus_compressed
EXP05,05_Experimentos\EXP05_PREMIUM_MULTIMODEL_TRILINGUAL\clean\clean_evaluations.jsonl,information_loss,83,-0.265060,-0.506024,-0.036145,hybrid_state_minus_compressed
EXP05,05_Experimentos\EXP05_PREMIUM_MULTIMODEL_TRILINGUAL\clean\clean_miniexp_b_judge_drift_evaluations.csv,metric_semantic_fidelity,28,0.857143,0.392857,1.428571,hybrid_state_minus_compressed
EXP05,05_Experimentos\EXP05_PREMIUM_MULTIMODEL_TRILINGUAL\clean\clean_miniexp_b_judge_drift_evaluations.csv,metric_clarity,28,-0.035714,-0.464286,0.464286,hybrid_state_minus_compressed
EXP05,05_Experimentos\EXP05_PREMIUM_MULTIMODEL_TRILINGUAL\clean\clean_miniexp_b_judge_drift_evaluations.csv,metric_utility,28,0.964286,0.535714,1.428571,hybrid_state_minus_compressed
EXP05,05_Experimentos\EXP05_PREMIUM_MULTIMODEL_TRILINGUAL\clean\clean_miniexp_b_judge_drift_evaluations.csv,metric_completeness,28,1.321429,0.857143,1.821429,hybrid_state_minus_compressed
EXP05,05_Experimentos\EXP05_PREMIUM_MULTIMODEL_TRILINGUAL\clean\clean_miniexp_b_judge_drift_evaluations.csv,metric_state_preservation,28,1.178571,0.714286,1.678571,hybrid_state_minus_compressed
EXP05,05_Experimentos\EXP05_PREMIUM_MULTIMODEL_TRILINGUAL\clean\clean_miniexp_b_judge_drift_evaluations.csv,metric_operational_continuity,28,1.071429,0.571429,1.642857,hybrid_state_minus_compressed
EXP05,05_Experimentos\EXP05_PREMIUM_MULTIMODEL_TRILINGUAL\clean\clean_miniexp_b_judge_drift_evaluations.csv,metric_context_recoverability,28,1.000000,0.571429,1.500000,hybrid_state_minus_compressed
EXP05,05_Experimentos\EXP05_PREMIUM_MULTIMODEL_TRILINGUAL\clean\clean_miniexp_b_judge_drift_evaluations.csv,metric_handoff_quality,28,0.892857,0.428571,1.428571,hybrid_state_minus_compressed
EXP05,05_Experimentos\EXP05_PREMIUM_MULTIMODEL_TRILINGUAL\clean\clean_miniexp_b_judge_drift_evaluations.csv,metric_compactness,28,0.035714,0.000000,0.107143,hybrid_state_minus_compressed
EXP05,05_Experimentos\EXP05_PREMIUM_MULTIMODEL_TRILINGUAL\clean\clean_miniexp_b_judge_drift_evaluations.csv,metric_ambiguity,28,-0.321429,-0.857143,0.142857,hybrid_state_minus_compressed
EXP05,05_Experimentos\EXP05_PREMIUM_MULTIMODEL_TRILINGUAL\clean\clean_miniexp_b_judge_drift_evaluations.csv,metric_information_loss,28,-0.964286,-1.428571,-0.500000,hybrid_state_minus_compressed
EXP05,05_Experimentos\EXP05_PREMIUM_MULTIMODEL_TRILINGUAL\clean\clean_miniexp_b_judge_drift_evaluations.jsonl,semantic_fidelity,28,0.857143,0.392857,1.392857,hybrid_state_minus_compressed
EXP05,05_Experimentos\EXP05_PREMIUM_MULTIMODEL_TRILINGUAL\clean\clean_miniexp_b_judge_drift_evaluations.jsonl,clarity,28,-0.035714,-0.464286,0.428571,hybrid_state_minus_compressed
EXP05,05_Experimentos\EXP05_PREMIUM_MULTIMODEL_TRILINGUAL\clean\clean_miniexp_b_judge_drift_evaluations.jsonl,utility,28,0.964286,0.535714,1.464286,hybrid_state_minus_compressed
EXP05,05_Experimentos\EXP05_PREMIUM_MULTIMODEL_TRILINGUAL\clean\clean_miniexp_b_judge_drift_evaluations.jsonl,completeness,28,1.321429,0.857143,1.785714,hybrid_state_minus_compressed
EXP05,05_Experimentos\EXP05_PREMIUM_MULTIMODEL_TRILINGUAL\clean\clean_miniexp_b_judge_drift_evaluations.jsonl,state_preservation,28,1.178571,0.750000,1.678571,hybrid_state_minus_compressed
EXP05,05_Experimentos\EXP05_PREMIUM_MULTIMODEL_TRILINGUAL\clean\clean_miniexp_b_judge_drift_evaluations.jsonl,operational_continuity,28,1.071429,0.571429,1.642857,hybrid_state_minus_compressed
EXP05,05_Experimentos\EXP05_PREMIUM_MULTIMODEL_TRILINGUAL\clean\clean_miniexp_b_judge_drift_evaluations.jsonl,context_recoverability,28,1.000000,0.571429,1.464286,hybrid_state_minus_compressed
EXP05,05_Experimentos\EXP05_PREMIUM_MULTIMODEL_TRILINGUAL\clean\clean_miniexp_b_judge_drift_evaluations.jsonl,handoff_quality,28,0.892857,0.428571,1.392857,hybrid_state_minus_compressed
EXP05,05_Experimentos\EXP05_PREMIUM_MULTIMODEL_TRILINGUAL\clean\clean_miniexp_b_judge_drift_evaluations.jsonl,compactness,28,0.035714,0.000000,0.107143,hybrid_state_minus_compressed
EXP05,05_Experimentos\EXP05_PREMIUM_MULTIMODEL_TRILINGUAL\clean\clean_miniexp_b_judge_drift_evaluations.jsonl,ambiguity,28,-0.321429,-0.857143,0.142857,hybrid_state_minus_compressed
EXP05,05_Experimentos\EXP05_PREMIUM_MULTIMODEL_TRILINGUAL\clean\clean_miniexp_b_judge_drift_evaluations.jsonl,information_loss,28,-0.964286,-1.464286,-0.500000,hybrid_state_minus_compressed
EXP06,05_Experimentos\EXP06_CAUSAL_PROTOCOL_TRANSFER\analysis\EXP06_ANALYSIS_20260526_151809\exp06_clean_ok.jsonl,semantic_fidelity,228,-0.096491,-0.302632,0.105263,hybrid_state_minus_compressed
EXP06,05_Experimentos\EXP06_CAUSAL_PROTOCOL_TRANSFER\analysis\EXP06_ANALYSIS_20260526_151809\exp06_clean_ok.jsonl,clarity,228,-0.508772,-0.697368,-0.328947,hybrid_state_minus_compressed
EXP06,05_Experimentos\EXP06_CAUSAL_PROTOCOL_TRANSFER\analysis\EXP06_ANALYSIS_20260526_151809\exp06_clean_ok.jsonl,utility,228,-0.144737,-0.377193,0.078947,hybrid_state_minus_compressed
EXP06,05_Experimentos\EXP06_CAUSAL_PROTOCOL_TRANSFER\analysis\EXP06_ANALYSIS_20260526_151809\exp06_clean_ok.jsonl,completeness,228,-0.096491,-0.320175,0.149123,hybrid_state_minus_compressed
EXP06,05_Experimentos\EXP06_CAUSAL_PROTOCOL_TRANSFER\analysis\EXP06_ANALYSIS_20260526_151809\exp06_clean_ok.jsonl,state_preservation,228,0.140351,-0.078947,0.350877,hybrid_state_minus_compressed
EXP06,05_Experimentos\EXP06_CAUSAL_PROTOCOL_TRANSFER\analysis\EXP06_ANALYSIS_20260526_151809\exp06_clean_ok.jsonl,operational_continuity,228,0.008772,-0.214912,0.228070,hybrid_state_minus_compressed
EXP06,05_Experimentos\EXP06_CAUSAL_PROTOCOL_TRANSFER\analysis\EXP06_ANALYSIS_20260526_151809\exp06_clean_ok.jsonl,context_recoverability,228,0.035088,-0.192982,0.258772,hybrid_state_minus_compressed
EXP06,05_Experimentos\EXP06_CAUSAL_PROTOCOL_TRANSFER\analysis\EXP06_ANALYSIS_20260526_151809\exp06_clean_ok.jsonl,handoff_quality,228,-0.118421,-0.350877,0.100877,hybrid_state_minus_compressed
EXP06,05_Experimentos\EXP06_CAUSAL_PROTOCOL_TRANSFER\analysis\EXP06_ANALYSIS_20260526_151809\exp06_clean_ok.jsonl,compactness,228,0.057018,-0.061404,0.171053,hybrid_state_minus_compressed
EXP06,05_Experimentos\EXP06_CAUSAL_PROTOCOL_TRANSFER\analysis\EXP06_ANALYSIS_20260526_151809\exp06_clean_ok.jsonl,ambiguity,228,0.307018,0.105263,0.508772,hybrid_state_minus_compressed
EXP06,05_Experimentos\EXP06_CAUSAL_PROTOCOL_TRANSFER\analysis\EXP06_ANALYSIS_20260526_151809\exp06_clean_ok.jsonl,information_loss,228,0.070175,-0.166667,0.302632,hybrid_state_minus_compressed
EXP06,05_Experimentos\EXP06_CAUSAL_PROTOCOL_TRANSFER\analysis\EXP06_ANALYSIS_20260526_151809\exp06_clean_terminal.jsonl,semantic_fidelity,228,-0.096491,-0.315789,0.114035,hybrid_state_minus_compressed
EXP06,05_Experimentos\EXP06_CAUSAL_PROTOCOL_TRANSFER\analysis\EXP06_ANALYSIS_20260526_151809\exp06_clean_terminal.jsonl,clarity,228,-0.508772,-0.688596,-0.324561,hybrid_state_minus_compressed
EXP06,05_Experimentos\EXP06_CAUSAL_PROTOCOL_TRANSFER\analysis\EXP06_ANALYSIS_20260526_151809\exp06_clean_terminal.jsonl,utility,228,-0.144737,-0.372807,0.078947,hybrid_state_minus_compressed
EXP06,05_Experimentos\EXP06_CAUSAL_PROTOCOL_TRANSFER\analysis\EXP06_ANALYSIS_20260526_151809\exp06_clean_terminal.jsonl,completeness,228,-0.096491,-0.333333,0.135965,hybrid_state_minus_compressed
EXP06,05_Experimentos\EXP06_CAUSAL_PROTOCOL_TRANSFER\analysis\EXP06_ANALYSIS_20260526_151809\exp06_clean_terminal.jsonl,state_preservation,228,0.140351,-0.074561,0.364035,hybrid_state_minus_compressed
EXP06,05_Experimentos\EXP06_CAUSAL_PROTOCOL_TRANSFER\analysis\EXP06_ANALYSIS_20260526_151809\exp06_clean_terminal.jsonl,operational_continuity,228,0.008772,-0.223684,0.241228,hybrid_state_minus_compressed
EXP06,05_Experimentos\EXP06_CAUSAL_PROTOCOL_TRANSFER\analysis\EXP06_ANALYSIS_20260526_151809\exp06_clean_terminal.jsonl,context_recoverability,228,0.035088,-0.184211,0.276316,hybrid_state_minus_compressed
EXP06,05_Experimentos\EXP06_CAUSAL_PROTOCOL_TRANSFER\analysis\EXP06_ANALYSIS_20260526_151809\exp06_clean_terminal.jsonl,handoff_quality,228,-0.118421,-0.337719,0.100877,hybrid_state_minus_compressed
EXP06,05_Experimentos\EXP06_CAUSAL_PROTOCOL_TRANSFER\analysis\EXP06_ANALYSIS_20260526_151809\exp06_clean_terminal.jsonl,compactness,228,0.057018,-0.061404,0.179825,hybrid_state_minus_compressed
EXP06,05_Experimentos\EXP06_CAUSAL_PROTOCOL_TRANSFER\analysis\EXP06_ANALYSIS_20260526_151809\exp06_clean_terminal.jsonl,ambiguity,228,0.307018,0.109649,0.500000,hybrid_state_minus_compressed
EXP06,05_Experimentos\EXP06_CAUSAL_PROTOCOL_TRANSFER\analysis\EXP06_ANALYSIS_20260526_151809\exp06_clean_terminal.jsonl,information_loss,228,0.070175,-0.162281,0.311404,hybrid_state_minus_compressed
EXP06,05_Experimentos\EXP06_CAUSAL_PROTOCOL_TRANSFER\delivery\EXP05_EXP06_MAIN_PAPER_PACKAGE_20260526_FINAL\PUBLIC_DATASET_REDACTED\jsonl_redacted\analysis__EXP06__EXP06_ANALYSIS_20260526_151836__exp06_clean_ok.jsonl,semantic_fidelity,228,-0.096491,-0.307018,0.109649,hybrid_state_minus_compressed
EXP06,05_Experimentos\EXP06_CAUSAL_PROTOCOL_TRANSFER\delivery\EXP05_EXP06_MAIN_PAPER_PACKAGE_20260526_FINAL\PUBLIC_DATASET_REDACTED\jsonl_redacted\analysis__EXP06__EXP06_ANALYSIS_20260526_151836__exp06_clean_ok.jsonl,clarity,228,-0.508772,-0.684211,-0.333333,hybrid_state_minus_compressed
EXP06,05_Experimentos\EXP06_CAUSAL_PROTOCOL_TRANSFER\delivery\EXP05_EXP06_MAIN_PAPER_PACKAGE_20260526_FINAL\PUBLIC_DATASET_REDACTED\jsonl_redacted\analysis__EXP06__EXP06_ANALYSIS_20260526_151836__exp06_clean_ok.jsonl,utility,228,-0.144737,-0.377193,0.074561,hybrid_state_minus_compressed
EXP06,05_Experimentos\EXP06_CAUSAL_PROTOCOL_TRANSFER\delivery\EXP05_EXP06_MAIN_PAPER_PACKAGE_20260526_FINAL\PUBLIC_DATASET_REDACTED\jsonl_redacted\analysis__EXP06__EXP06_ANALYSIS_20260526_151836__exp06_clean_ok.jsonl,completeness,228,-0.096491,-0.346491,0.135965,hybrid_state_minus_compressed
EXP06,05_Experimentos\EXP06_CAUSAL_PROTOCOL_TRANSFER\delivery\EXP05_EXP06_MAIN_PAPER_PACKAGE_20260526_FINAL\PUBLIC_DATASET_REDACTED\jsonl_redacted\analysis__EXP06__EXP06_ANALYSIS_20260526_151836__exp06_clean_ok.jsonl,state_preservation,228,0.140351,-0.070175,0.368421,hybrid_state_minus_compressed
EXP06,05_Experimentos\EXP06_CAUSAL_PROTOCOL_TRANSFER\delivery\EXP05_EXP06_MAIN_PAPER_PACKAGE_20260526_FINAL\PUBLIC_DATASET_REDACTED\jsonl_redacted\analysis__EXP06__EXP06_ANALYSIS_20260526_151836__exp06_clean_ok.jsonl,operational_continuity,228,0.008772,-0.219298,0.232456,hybrid_state_minus_compressed
EXP06,05_Experimentos\EXP06_CAUSAL_PROTOCOL_TRANSFER\delivery\EXP05_EXP06_MAIN_PAPER_PACKAGE_20260526_FINAL\PUBLIC_DATASET_REDACTED\jsonl_redacted\analysis__EXP06__EXP06_ANALYSIS_20260526_151836__exp06_clean_ok.jsonl,context_recoverability,228,0.035088,-0.188596,0.250000,hybrid_state_minus_compressed
EXP06,05_Experimentos\EXP06_CAUSAL_PROTOCOL_TRANSFER\delivery\EXP05_EXP06_MAIN_PAPER_PACKAGE_20260526_FINAL\PUBLIC_DATASET_REDACTED\jsonl_redacted\analysis__EXP06__EXP06_ANALYSIS_20260526_151836__exp06_clean_ok.jsonl,handoff_quality,228,-0.118421,-0.350877,0.105263,hybrid_state_minus_compressed
EXP06,05_Experimentos\EXP06_CAUSAL_PROTOCOL_TRANSFER\delivery\EXP05_EXP06_MAIN_PAPER_PACKAGE_20260526_FINAL\PUBLIC_DATASET_REDACTED\jsonl_redacted\analysis__EXP06__EXP06_ANALYSIS_20260526_151836__exp06_clean_ok.jsonl,compactness,228,0.057018,-0.070175,0.175439,hybrid_state_minus_compressed
EXP06,05_Experimentos\EXP06_CAUSAL_PROTOCOL_TRANSFER\delivery\EXP05_EXP06_MAIN_PAPER_PACKAGE_20260526_FINAL\PUBLIC_DATASET_REDACTED\jsonl_redacted\analysis__EXP06__EXP06_ANALYSIS_20260526_151836__exp06_clean_ok.jsonl,ambiguity,228,0.307018,0.100877,0.500000,hybrid_state_minus_compressed
EXP06,05_Experimentos\EXP06_CAUSAL_PROTOCOL_TRANSFER\delivery\EXP05_EXP06_MAIN_PAPER_PACKAGE_20260526_FINAL\PUBLIC_DATASET_REDACTED\jsonl_redacted\analysis__EXP06__EXP06_ANALYSIS_20260526_151836__exp06_clean_ok.jsonl,information_loss,228,0.070175,-0.166667,0.302632,hybrid_state_minus_compressed
EXP06,05_Experimentos\EXP06_CAUSAL_PROTOCOL_TRANSFER\delivery\EXP05_EXP06_MAIN_PAPER_PACKAGE_20260526_FINAL\PUBLIC_DATASET_REDACTED\jsonl_redacted\analysis__EXP06__EXP06_ANALYSIS_20260526_151836__exp06_clean_terminal.jsonl,semantic_fidelity,228,-0.096491,-0.302632,0.105263,hybrid_state_minus_compressed
EXP06,05_Experimentos\EXP06_CAUSAL_PROTOCOL_TRANSFER\delivery\EXP05_EXP06_MAIN_PAPER_PACKAGE_20260526_FINAL\PUBLIC_DATASET_REDACTED\jsonl_redacted\analysis__EXP06__EXP06_ANALYSIS_20260526_151836__exp06_clean_terminal.jsonl,clarity,228,-0.508772,-0.692982,-0.324561,hybrid_state_minus_compressed
EXP06,05_Experimentos\EXP06_CAUSAL_PROTOCOL_TRANSFER\delivery\EXP05_EXP06_MAIN_PAPER_PACKAGE_20260526_FINAL\PUBLIC_DATASET_REDACTED\jsonl_redacted\analysis__EXP06__EXP06_ANALYSIS_20260526_151836__exp06_clean_terminal.jsonl,utility,228,-0.144737,-0.385965,0.087719,hybrid_state_minus_compressed
EXP06,05_Experimentos\EXP06_CAUSAL_PROTOCOL_TRANSFER\delivery\EXP05_EXP06_MAIN_PAPER_PACKAGE_20260526_FINAL\PUBLIC_DATASET_REDACTED\jsonl_redacted\analysis__EXP06__EXP06_ANALYSIS_20260526_151836__exp06_clean_terminal.jsonl,completeness,228,-0.096491,-0.328947,0.149123,hybrid_state_minus_compressed
EXP06,05_Experimentos\EXP06_CAUSAL_PROTOCOL_TRANSFER\delivery\EXP05_EXP06_MAIN_PAPER_PACKAGE_20260526_FINAL\PUBLIC_DATASET_REDACTED\jsonl_redacted\analysis__EXP06__EXP06_ANALYSIS_20260526_151836__exp06_clean_terminal.jsonl,state_preservation,228,0.140351,-0.078947,0.364035,hybrid_state_minus_compressed
EXP06,05_Experimentos\EXP06_CAUSAL_PROTOCOL_TRANSFER\delivery\EXP05_EXP06_MAIN_PAPER_PACKAGE_20260526_FINAL\PUBLIC_DATASET_REDACTED\jsonl_redacted\analysis__EXP06__EXP06_ANALYSIS_20260526_151836__exp06_clean_terminal.jsonl,operational_continuity,228,0.008772,-0.201754,0.236842,hybrid_state_minus_compressed
EXP06,05_Experimentos\EXP06_CAUSAL_PROTOCOL_TRANSFER\delivery\EXP05_EXP06_MAIN_PAPER_PACKAGE_20260526_FINAL\PUBLIC_DATASET_REDACTED\jsonl_redacted\analysis__EXP06__EXP06_ANALYSIS_20260526_151836__exp06_clean_terminal.jsonl,context_recoverability,228,0.035088,-0.188596,0.254386,hybrid_state_minus_compressed
EXP06,05_Experimentos\EXP06_CAUSAL_PROTOCOL_TRANSFER\delivery\EXP05_EXP06_MAIN_PAPER_PACKAGE_20260526_FINAL\PUBLIC_DATASET_REDACTED\jsonl_redacted\analysis__EXP06__EXP06_ANALYSIS_20260526_151836__exp06_clean_terminal.jsonl,handoff_quality,228,-0.118421,-0.342105,0.100877,hybrid_state_minus_compressed
EXP06,05_Experimentos\EXP06_CAUSAL_PROTOCOL_TRANSFER\delivery\EXP05_EXP06_MAIN_PAPER_PACKAGE_20260526_FINAL\PUBLIC_DATASET_REDACTED\jsonl_redacted\analysis__EXP06__EXP06_ANALYSIS_20260526_151836__exp06_clean_terminal.jsonl,compactness,228,0.057018,-0.061404,0.175439,hybrid_state_minus_compressed
EXP06,05_Experimentos\EXP06_CAUSAL_PROTOCOL_TRANSFER\delivery\EXP05_EXP06_MAIN_PAPER_PACKAGE_20260526_FINAL\PUBLIC_DATASET_REDACTED\jsonl_redacted\analysis__EXP06__EXP06_ANALYSIS_20260526_151836__exp06_clean_terminal.jsonl,ambiguity,228,0.307018,0.100877,0.500000,hybrid_state_minus_compressed
EXP06,05_Experimentos\EXP06_CAUSAL_PROTOCOL_TRANSFER\delivery\EXP05_EXP06_MAIN_PAPER_PACKAGE_20260526_FINAL\PUBLIC_DATASET_REDACTED\jsonl_redacted\analysis__EXP06__EXP06_ANALYSIS_20260526_151836__exp06_clean_terminal.jsonl,information_loss,228,0.070175,-0.157895,0.293860,hybrid_state_minus_compressed
EXP07,05_Experimentos\EXP06_CAUSAL_PROTOCOL_TRANSFER\delivery\EXP05_EXP06_MAIN_PAPER_PACKAGE_20260526_FINAL\PUBLIC_DATASET_REDACTED\jsonl_redacted\data_freeze__EXP07__exp07_clean_dedup.jsonl,variable_recovery_rate,90,-0.106111,-0.194444,-0.028889,hybrid_state_minus_compressed
EXP07,05_Experimentos\EXP06_CAUSAL_PROTOCOL_TRANSFER\delivery\EXP05_EXP06_MAIN_PAPER_PACKAGE_20260526_FINAL\PUBLIC_DATASET_REDACTED\jsonl_redacted\data_freeze__EXP07__exp07_clean_dedup.jsonl,subtask_completion_rate,90,-0.102778,-0.172222,-0.041667,hybrid_state_minus_compressed
EXP07,05_Experimentos\EXP06_CAUSAL_PROTOCOL_TRANSFER\delivery\EXP05_EXP06_MAIN_PAPER_PACKAGE_20260526_FINAL\PUBLIC_DATASET_REDACTED\jsonl_redacted\data_freeze__EXP07__exp07_clean_dedup.jsonl,plan_continuity_rate,90,-0.147222,-0.222222,-0.069444,hybrid_state_minus_compressed
EXP07,05_Experimentos\EXP06_CAUSAL_PROTOCOL_TRANSFER\delivery\EXP05_EXP06_MAIN_PAPER_PACKAGE_20260526_FINAL\PUBLIC_DATASET_REDACTED\jsonl_redacted\data_freeze__EXP07__exp07_clean_dedup.jsonl,constraint_retention_rate,90,0.005556,-0.094444,0.111111,hybrid_state_minus_compressed
EXP07,05_Experimentos\EXP06_CAUSAL_PROTOCOL_TRANSFER\delivery\EXP05_EXP06_MAIN_PAPER_PACKAGE_20260526_FINAL\PUBLIC_DATASET_REDACTED\jsonl_redacted\data_freeze__EXP07__exp07_clean_dedup.jsonl,state_error_count,90,0.222222,-6.300000,6.722222,hybrid_state_minus_compressed
EXP07,05_Experimentos\EXP06_CAUSAL_PROTOCOL_TRANSFER\delivery\EXP05_EXP06_MAIN_PAPER_PACKAGE_20260526_FINAL\PUBLIC_DATASET_REDACTED\jsonl_redacted\data_freeze__EXP07__exp07_clean_dedup.jsonl,json_valid,90,0.000000,-0.066667,0.066667,hybrid_state_minus_compressed
EXP07,05_Experimentos\EXP06_CAUSAL_PROTOCOL_TRANSFER\delivery\EXP05_EXP06_MAIN_PAPER_PACKAGE_20260526_FINAL\PUBLIC_DATASET_REDACTED\jsonl_redacted\data_freeze__EXP07__exp07_clean_dedup.jsonl,handoff_success,90,-0.011111,-0.044444,0.022222,hybrid_state_minus_compressed
EXP07,05_Experimentos\EXP06_CAUSAL_PROTOCOL_TRANSFER\delivery\EXP05_EXP06_MAIN_PAPER_PACKAGE_20260526_FINAL\data_freeze\EXP07\exp07_clean_dedup.jsonl,variable_recovery_rate,90,-0.106111,-0.192222,-0.026111,hybrid_state_minus_compressed
EXP07,05_Experimentos\EXP06_CAUSAL_PROTOCOL_TRANSFER\delivery\EXP05_EXP06_MAIN_PAPER_PACKAGE_20260526_FINAL\data_freeze\EXP07\exp07_clean_dedup.jsonl,subtask_completion_rate,90,-0.102778,-0.175000,-0.036111,hybrid_state_minus_compressed
EXP07,05_Experimentos\EXP06_CAUSAL_PROTOCOL_TRANSFER\delivery\EXP05_EXP06_MAIN_PAPER_PACKAGE_20260526_FINAL\data_freeze\EXP07\exp07_clean_dedup.jsonl,plan_continuity_rate,90,-0.147222,-0.219444,-0.072222,hybrid_state_minus_compressed
EXP07,05_Experimentos\EXP06_CAUSAL_PROTOCOL_TRANSFER\delivery\EXP05_EXP06_MAIN_PAPER_PACKAGE_20260526_FINAL\data_freeze\EXP07\exp07_clean_dedup.jsonl,constraint_retention_rate,90,0.005556,-0.105556,0.111111,hybrid_state_minus_compressed
EXP07,05_Experimentos\EXP06_CAUSAL_PROTOCOL_TRANSFER\delivery\EXP05_EXP06_MAIN_PAPER_PACKAGE_20260526_FINAL\data_freeze\EXP07\exp07_clean_dedup.jsonl,state_error_count,90,0.222222,-6.266667,6.822222,hybrid_state_minus_compressed
EXP07,05_Experimentos\EXP06_CAUSAL_PROTOCOL_TRANSFER\delivery\EXP05_EXP06_MAIN_PAPER_PACKAGE_20260526_FINAL\data_freeze\EXP07\exp07_clean_dedup.jsonl,json_valid,90,0.000000,-0.066667,0.066667,hybrid_state_minus_compressed
EXP07,05_Experimentos\EXP06_CAUSAL_PROTOCOL_TRANSFER\delivery\EXP05_EXP06_MAIN_PAPER_PACKAGE_20260526_FINAL\data_freeze\EXP07\exp07_clean_dedup.jsonl,handoff_success,90,-0.011111,-0.055556,0.022222,hybrid_state_minus_compressed
EXP08,05_Experimentos\EXP08_REAL_AGENT_SCALEUP\analysis\exp08_clean_latest_ok.jsonl,variable_recovery_rate,450,-0.138889,-0.175556,-0.101111,hybrid_state_minus_compressed
EXP08,05_Experimentos\EXP08_REAL_AGENT_SCALEUP\analysis\exp08_clean_latest_ok.jsonl,subtask_completion_rate,450,-0.052222,-0.083333,-0.023333,hybrid_state_minus_compressed
EXP08,05_Experimentos\EXP08_REAL_AGENT_SCALEUP\analysis\exp08_clean_latest_ok.jsonl,plan_continuity_rate,450,-0.032778,-0.073889,0.010000,hybrid_state_minus_compressed
EXP08,05_Experimentos\EXP08_REAL_AGENT_SCALEUP\analysis\exp08_clean_latest_ok.jsonl,constraint_retention_rate,450,-0.063333,-0.110000,-0.017778,hybrid_state_minus_compressed
EXP08,05_Experimentos\EXP08_REAL_AGENT_SCALEUP\analysis\exp08_clean_latest_ok.jsonl,state_error_count,450,8.866667,5.631111,12.271111,hybrid_state_minus_compressed
EXP08,05_Experimentos\EXP08_REAL_AGENT_SCALEUP\analysis\exp08_clean_latest_ok.jsonl,json_valid,450,-0.088889,-0.124444,-0.055556,hybrid_state_minus_compressed
EXP08,05_Experimentos\EXP08_REAL_AGENT_SCALEUP\analysis\exp08_clean_latest_ok.jsonl,handoff_success,450,-0.013333,-0.033333,0.006667,hybrid_state_minus_compressed
EXP10,05_Experimentos\EXP06_CAUSAL_PROTOCOL_TRANSFER\delivery\EXP05_EXP06_MAIN_PAPER_PACKAGE_20260526_FINAL\analysis\EXP10\clean_latest_ok.jsonl,claim_drift_rate,32,0.000000,0.000000,0.000000,hybrid_state_minus_compressed
EXP10,05_Experimentos\EXP06_CAUSAL_PROTOCOL_TRANSFER\delivery\EXP05_EXP06_MAIN_PAPER_PACKAGE_20260526_FINAL\analysis\EXP10\clean_latest_ok.jsonl,scope_drift_rate,32,0.000000,0.000000,0.000000,hybrid_state_minus_compressed
EXP10,05_Experimentos\EXP06_CAUSAL_PROTOCOL_TRANSFER\delivery\EXP05_EXP06_MAIN_PAPER_PACKAGE_20260526_FINAL\analysis\EXP10\clean_latest_ok.jsonl,no_secret_leak,32,0.000000,0.000000,0.000000,hybrid_state_minus_compressed
EXP14,05_Experimentos\EXP14_LONG_HORIZON_REPO_MAINTENANCE\exp14_latest_cells_clean.jsonl,constraint_preservation,10,0.000000,0.000000,0.000000,hybrid_state_minus_compressed
EXP14,05_Experimentos\EXP14_LONG_HORIZON_REPO_MAINTENANCE\exp14_latest_cells_clean.jsonl,claim_drift_rate,10,0.000000,0.000000,0.000000,hybrid_state_minus_compressed
EXP14,05_Experimentos\EXP14_LONG_HORIZON_REPO_MAINTENANCE\exp14_latest_cells_clean.jsonl,scope_drift_rate,10,0.000000,0.000000,0.000000,hybrid_state_minus_compressed
EXP14,05_Experimentos\EXP14_LONG_HORIZON_REPO_MAINTENANCE\exp14_latest_cells_clean.jsonl,html_integrity_score,10,0.000000,0.000000,0.000000,hybrid_state_minus_compressed
EXP14,05_Experimentos\EXP14_LONG_HORIZON_REPO_MAINTENANCE\exp14_latest_cells_clean.jsonl,dependency_preservation,10,0.000000,0.000000,0.000000,hybrid_state_minus_compressed
EXP14,05_Experimentos\EXP14_LONG_HORIZON_REPO_MAINTENANCE\exp14_latest_cells_clean.jsonl,responsive_ok,10,0.000000,0.000000,0.000000,hybrid_state_minus_compressed
EXP14,05_Experimentos\EXP14_LONG_HORIZON_REPO_MAINTENANCE\exp14_latest_cells_clean.jsonl,no_secret_leak,10,0.000000,0.000000,0.000000,hybrid_state_minus_compressed
EXP14,05_Experimentos\EXP14_LONG_HORIZON_REPO_MAINTENANCE\exp14_latest_cells_clean.jsonl,no_local_paths,10,0.000000,0.000000,0.000000,hybrid_state_minus_compressed
EXP14,05_Experimentos\EXP14_LONG_HORIZON_REPO_MAINTENANCE\exp14_latest_cells_clean.jsonl,regression_rate,10,0.000000,0.000000,0.000000,hybrid_state_minus_compressed
EXP15,05_Experimentos\EXP15_CROSS_CULTURAL_LONG_HORIZON_REPO_MAINTENANCE\analysis\exp15_latest_cells_clean.jsonl,constraint_preservation,10,0.000000,0.000000,0.000000,hybrid_state_minus_compressed
EXP15,05_Experimentos\EXP15_CROSS_CULTURAL_LONG_HORIZON_REPO_MAINTENANCE\analysis\exp15_latest_cells_clean.jsonl,claim_drift_rate,10,0.000000,0.000000,0.000000,hybrid_state_minus_compressed
EXP15,05_Experimentos\EXP15_CROSS_CULTURAL_LONG_HORIZON_REPO_MAINTENANCE\analysis\exp15_latest_cells_clean.jsonl,scope_drift_rate,10,0.000000,0.000000,0.000000,hybrid_state_minus_compressed
EXP15,05_Experimentos\EXP15_CROSS_CULTURAL_LONG_HORIZON_REPO_MAINTENANCE\analysis\exp15_latest_cells_clean.jsonl,html_integrity_score,10,0.000000,0.000000,0.000000,hybrid_state_minus_compressed
EXP15,05_Experimentos\EXP15_CROSS_CULTURAL_LONG_HORIZON_REPO_MAINTENANCE\analysis\exp15_latest_cells_clean.jsonl,dependency_preservation,10,0.000000,0.000000,0.000000,hybrid_state_minus_compressed
EXP15,05_Experimentos\EXP15_CROSS_CULTURAL_LONG_HORIZON_REPO_MAINTENANCE\analysis\exp15_latest_cells_clean.jsonl,visual_quality_proxy,10,0.000000,0.000000,0.000000,hybrid_state_minus_compressed
EXP15,05_Experimentos\EXP15_CROSS_CULTURAL_LONG_HORIZON_REPO_MAINTENANCE\analysis\exp15_latest_cells_clean.jsonl,visual_css_score,10,0.000000,0.000000,0.000000,hybrid_state_minus_compressed
EXP15,05_Experimentos\EXP15_CROSS_CULTURAL_LONG_HORIZON_REPO_MAINTENANCE\analysis\exp15_latest_cells_clean.jsonl,visual_html_score,10,0.000000,0.000000,0.000000,hybrid_state_minus_compressed
EXP15,05_Experimentos\EXP15_CROSS_CULTURAL_LONG_HORIZON_REPO_MAINTENANCE\analysis\exp15_latest_cells_clean.jsonl,visual_structure_score,10,0.000000,0.000000,0.000000,hybrid_state_minus_compressed
EXP15,05_Experimentos\EXP15_CROSS_CULTURAL_LONG_HORIZON_REPO_MAINTENANCE\analysis\exp15_latest_cells_clean.jsonl,responsive_ok,10,0.000000,0.000000,0.000000,hybrid_state_minus_compressed
EXP15,05_Experimentos\EXP15_CROSS_CULTURAL_LONG_HORIZON_REPO_MAINTENANCE\analysis\exp15_latest_cells_clean.jsonl,no_secret_leak,10,0.000000,0.000000,0.000000,hybrid_state_minus_compressed
EXP15,05_Experimentos\EXP15_CROSS_CULTURAL_LONG_HORIZON_REPO_MAINTENANCE\analysis\exp15_latest_cells_clean.jsonl,no_local_paths,10,0.000000,0.000000,0.000000,hybrid_state_minus_compressed
EXP15,05_Experimentos\EXP15_CROSS_CULTURAL_LONG_HORIZON_REPO_MAINTENANCE\analysis\exp15_latest_cells_clean.jsonl,regression_rate,10,0.000000,0.000000,0.000000,hybrid_state_minus_compressed
EXP15,05_Experimentos\EXP15_CROSS_CULTURAL_LONG_HORIZON_REPO_MAINTENANCE\analysis\final\exp15_latest_cells_all.jsonl,constraint_preservation,10,0.000000,0.000000,0.000000,hybrid_state_minus_compressed
EXP15,05_Experimentos\EXP15_CROSS_CULTURAL_LONG_HORIZON_REPO_MAINTENANCE\analysis\final\exp15_latest_cells_all.jsonl,claim_drift_rate,10,0.000000,0.000000,0.000000,hybrid_state_minus_compressed
EXP15,05_Experimentos\EXP15_CROSS_CULTURAL_LONG_HORIZON_REPO_MAINTENANCE\analysis\final\exp15_latest_cells_all.jsonl,scope_drift_rate,10,0.000000,0.000000,0.000000,hybrid_state_minus_compressed
EXP15,05_Experimentos\EXP15_CROSS_CULTURAL_LONG_HORIZON_REPO_MAINTENANCE\analysis\final\exp15_latest_cells_all.jsonl,html_integrity_score,10,0.000000,0.000000,0.000000,hybrid_state_minus_compressed
EXP15,05_Experimentos\EXP15_CROSS_CULTURAL_LONG_HORIZON_REPO_MAINTENANCE\analysis\final\exp15_latest_cells_all.jsonl,dependency_preservation,10,0.000000,0.000000,0.000000,hybrid_state_minus_compressed
EXP15,05_Experimentos\EXP15_CROSS_CULTURAL_LONG_HORIZON_REPO_MAINTENANCE\analysis\final\exp15_latest_cells_all.jsonl,visual_quality_proxy,10,0.000000,0.000000,0.000000,hybrid_state_minus_compressed
EXP15,05_Experimentos\EXP15_CROSS_CULTURAL_LONG_HORIZON_REPO_MAINTENANCE\analysis\final\exp15_latest_cells_all.jsonl,visual_css_score,10,0.000000,0.000000,0.000000,hybrid_state_minus_compressed
EXP15,05_Experimentos\EXP15_CROSS_CULTURAL_LONG_HORIZON_REPO_MAINTENANCE\analysis\final\exp15_latest_cells_all.jsonl,visual_html_score,10,0.000000,0.000000,0.000000,hybrid_state_minus_compressed
EXP15,05_Experimentos\EXP15_CROSS_CULTURAL_LONG_HORIZON_REPO_MAINTENANCE\analysis\final\exp15_latest_cells_all.jsonl,visual_structure_score,10,0.000000,0.000000,0.000000,hybrid_state_minus_compressed
EXP15,05_Experimentos\EXP15_CROSS_CULTURAL_LONG_HORIZON_REPO_MAINTENANCE\analysis\final\exp15_latest_cells_all.jsonl,responsive_ok,10,0.000000,0.000000,0.000000,hybrid_state_minus_compressed
EXP15,05_Experimentos\EXP15_CROSS_CULTURAL_LONG_HORIZON_REPO_MAINTENANCE\analysis\final\exp15_latest_cells_all.jsonl,no_secret_leak,10,0.000000,0.000000,0.000000,hybrid_state_minus_compressed
EXP15,05_Experimentos\EXP15_CROSS_CULTURAL_LONG_HORIZON_REPO_MAINTENANCE\analysis\final\exp15_latest_cells_all.jsonl,no_local_paths,10,0.000000,0.000000,0.000000,hybrid_state_minus_compressed
EXP15,05_Experimentos\EXP15_CROSS_CULTURAL_LONG_HORIZON_REPO_MAINTENANCE\analysis\final\exp15_latest_cells_all.jsonl,regression_rate,10,0.000000,0.000000,0.000000,hybrid_state_minus_compressed
